Feature_1,Feature_2,Feature_3,Feature_4,Feature_5
-0.5187824844503541,1.6193680008386737,0.1294483485962939,1.0228896999881194,-0.028281056426234477
-0.7782523733660748,1.8819563910415558,-0.10471888395569748,0.25697004748055147,-0.30060172012762404
0.2897447571373731,1.9381808941700835,0.48685811903083215,0.9732134278300095,0.356590697619229
-1.4727017133748854,0.8444181325925488,1.749623940575828,-0.3240749730161357,-0.32368104080098736
-0.7565074894813562,1.526594128164374,0.028754148079511842,1.0382407322846212,-0.13788553130467124
-0.6399390299821709,0.14263914754265752,0.6062194553532796,0.307449198200816,-0.5576119876344998
-0.9202675186926028,1.4642567625303908,-0.03345342548693362,1.0500296108595395,-0.20759303473522028
0.15188795725832802,-0.2102246689435581,-0.6740390669407027,0.15974733694995943,-0.9592629195118089
-0.3160764418045274,0.26494355527108565,0.724789937627133,0.2833789352956845,-0.42336130874213374
-0.09006567128633869,-1.6849270437662813,0.1633284592629407,0.7877328835845131,-1.4743523048485472
-0.3482224833158403,-2.5097753438956647,-0.15192554688154156,1.5007281258670466,0.7048926639120996
0.8796272738563838,-2.05634280175813,0.25088740998144543,1.4015457690576607,1.1760441504056747
-0.26967967800822373,-1.8249419468500006,1.4619311019091412,1.586277076131366,1.479437891489172
-1.027430278875557,1.7897689306569076,-0.18723299509603183,0.27696769530936166,-0.39683821778741785
0.6478948841191439,2.041098694063804,0.4706877768434126,0.9216077099485718,0.38579063480921555
0.7169893396030061,-1.3897625636291162,0.4150076192337462,0.720321202767397,-1.175264499503478
-0.029464540290015544,-1.2781511332959228,-1.2368748734837371,-0.9184212861797554,1.9432210863188601
0.42577233931368064,-1.4972145361803149,0.31988683316192523,0.7439156495134347,-1.2866729175736913
0.4648729710082879,-0.10045512122179459,-0.5978381235440348,0.12997348714874482,-0.8606033707651319
-0.1885734419585589,1.0901192516471094,-1.3291903205386917,0.9079059366717525,-0.6288777554731959
-0.3657809108135312,1.0275720945155218,-1.3741438178376626,0.9244564565797415,-0.6862026049043689
-1.3249375145728648,0.5897210746152407,-0.3766459666472438,1.7782741780427898,1.9317287155130216
-0.038202434259858385,-0.2858037743580283,-0.7609109360233528,0.17094439692486327,-1.0520503956369085
-0.37380589218382915,0.7439552975232273,-1.6915180417884552,-0.8669737839991619,-0.029491789898724544
-0.11424979385774384,1.3175189408419228,2.0651768665458974,-0.4558783286541871,0.09223846882285486
-0.42569430208524933,-1.162585005602009,-1.137594072487215,0.8911639612246111,1.062182535683255
-0.8287351972885196,-0.5734624165278533,-1.0007726465822449,0.23810666708235637,-1.3396185382489747
0.3392916393223209,-0.1414832537303343,-0.6146763407131669,0.14425014230369052,-0.8890668688042056
0.6228934904796692,-0.027664844160437543,-0.4802429162122446,0.12836367575973032,-0.7467262536824035
-2.5327910432466703,1.15906238273697,0.6713988289069298,1.1817468671664142,2.044153348177865
0.5976534884253112,-1.432849007252097,0.38033603900979496,0.7307205117964872,-1.2174301617892294
-0.7347204312867758,0.10874777948085065,0.5801834759647383,0.3159634875560568,-0.5898858276653282
0.5488838608205667,-0.07086325361117077,-0.5768026149439478,0.12208033711762183,-0.8336502761183444
3.9392767277135996,-0.17930928799982454,1.5654829291182206,0.47587126461770485,0.1367875732796792
-0.7029284572361116,-1.999711912697622,1.2524916727698767,1.6098558243736123,1.2586934620772763
0.8001956803065203,-0.2606646851814789,-0.8180038031739252,-1.691809240881825,-0.08463769456384433
0.9979485635376409,1.5309986872213013,-0.9275961917437691,0.8141551777571717,-0.16359344673409826
-0.31997046474802676,-0.38038088302052725,-0.810178851786832,0.201028252114224,-1.1252159298018312
0.7966744705306052,1.4597546209863916,-0.9795766063984274,0.8327970620510552,-0.22944996094434822
0.20969859614374048,0.9544316861532794,-1.5228946469854414,-0.9179760576973458,0.17594721495390125
-0.2693282146847357,1.0600066170298663,-1.3570072893792966,0.9142044384482436,-0.6609372929953331
1.5836416981359596,-1.0529049139655646,0.7759060070418057,0.6633067113391357,-0.7807041593458134
-0.7366181048381685,1.9028244775391057,-0.06603838648800472,0.2578516732258708,-0.2643656252895718
-0.47308440799031515,1.9952809056145855,-0.001738825918586187,0.23280552129141113,-0.18118221285151326
0.5487404541674794,-1.7327879818831418,0.043978546325055386,-1.0583516998667843,-0.580918472778555
-1.7139366700218621,-1.3569498748400874,2.3684292974266454,0.9979902497840517,1.4493359107543284
0.357440200089149,-1.5211544350830546,0.3033661670623182,0.7504356446841014,-1.3081188782912931
-0.06269048407210664,1.1339986645124438,-1.2997722789254529,0.8957221868167721,-0.5901927527510039
-1.969737010470172,0.6626943630515991,1.5948841888887944,-0.28251448728340184,-0.5076675231698821
0.20321316791564017,-1.5757417107053493,0.2635530997066208,0.7647229632343803,-1.3585678173850153
0.6884123564210793,-1.3884261855658249,0.45979240290135004,0.7318173153720312,-1.1423768367119038
0.1775924140730117,-0.9284333317679602,-0.8879119734437617,0.8512136847948854,1.3355908242659336
0.14199684334298227,-0.22206231154555642,-0.7145684190609225,0.15422133831573034,-0.9932475613768351
-2.404774566737177,0.506629877827429,1.473074985498259,-0.24382600046767638,-0.6576689734064903
-0.2960649488827452,-0.37842375591749616,-0.8336351015074801,0.19378766731930538,-1.1413855164292552
-1.7340182533612665,2.1830315051588496,1.1616259731695062,0.4246778254044857,0.0704241741270931
-1.991354596633384,2.084249528435669,1.0601199253996634,0.4425667175218721,-0.04215350827398191
-1.2554311966968832,1.707855733672766,-0.2516219854109287,0.29715092533346293,-0.4758980631358433
-1.1024048447835662,1.4009553681641782,-0.07516693409297179,1.067802348628338,-0.2628766193694793
-0.48904446617642244,0.25202062754971727,-1.647503341508204,1.6261551885872372,1.5428935472523106
-0.228241850983155,0.7975118209486263,-1.6446693891815085,-0.8788856823082795,0.025630872720385764
-0.46072445535563394,0.26059487154004796,-1.646794877838548,1.6224116630463297,1.5468114307656713
0.030513430947682108,1.1751495033995263,-1.2385315227932867,0.8933952944501449,-0.5295998793659334
-0.9572775389770959,-0.7149382072299657,0.2220170742470903,1.016822138767626,1.5588168471685715
-2.1332302860174868,0.6013737745188187,1.5369470578961324,-0.27003755909189214,-0.5738857481044528
-1.1890343152902605,-1.1653155245110673,2.5305782111739368,0.9538847494817394,1.6426123453478778
-0.07269595427024059,0.3523892903950229,0.7935548684761639,0.2618398042812412,-0.3389421279474126
-1.1984608665081093,-0.009932492289711676,-1.8801131849527808,1.683480936954633,1.2707760744188668
2.4210011678104686,0.6500722799428398,0.1721219056234111,-0.006284918982211382,-0.006172218342728852
-0.639653784109807,0.9300780602131957,-1.4473901871811783,0.9493954391914604,-0.7778511780957033
-1.2345717441430195,1.0756713192702707,-0.4142398868465318,-0.7103721595050946,0.3616051171664604
0.7458677671682679,1.4379558468561697,-1.0100758416896352,0.8345547141593229,-0.2601448363907996
-0.23442377929293848,1.0739401833068485,-1.3408020599722688,0.9121914869348995,-0.6436941366581636
0.41974967649940936,-0.10875819989247346,-0.574557351361147,0.14007905356739328,-0.8470814235647302
1.4046596726933276,0.24223302137985317,-0.3094146361265962,0.0506865209507235,-0.5160897175783117
0.23305836530672683,-0.18601472416835266,-0.6736731008387831,0.1487353093486858,-0.9493813830883338
-0.7546742501747885,-0.26132883938941076,2.967722603334426,0.2375276575365465,-0.41713054504780067
-0.5023899796368756,0.5579490865104199,0.5301161069843682,-0.48582175945092687,-0.6550653036123127
-0.41492424779794596,2.6786531856518025,1.6330630549260092,0.3246884577126089,0.6079154369736117
1.891644165144694,0.4193377307730834,-0.16210561104483442,0.009236713187369697,-0.33930677080877325
-0.3561457414918328,1.038093844505279,-1.3392620884937052,0.9290593044351438,-0.6568210682063503
-0.6909650478655684,0.17627046264537108,-1.7191346842411594,1.6415516669301313,1.4610493303599417
1.1049590628462547,1.5652203555304351,-0.9166155360831278,0.8014184648737881,-0.14206580129214713
-1.148106435723806,-0.7765495977418679,0.19977155095455015,1.039083242949091,1.5182701279915065
-1.153440983947584,1.3827061699770515,-0.08918630760987864,1.0723869659734675,-0.2802548409245407
-0.08235517170224402,0.3546007263638193,0.8167084326736364,0.2670854130781437,-0.3213353155499187
0.8651536176955948,-1.3269754259141655,0.5003828563156402,0.7145902484275269,-1.088639798098636
1.0981290465922593,-1.2315460892849825,0.6196049297189712,0.7030302929063086,-0.9645941665590712
0.03163609033019328,-1.6345241094880663,0.22812464078061867,0.7821211654213727,-1.4075153622861307
-0.06291581979712763,-1.2985951418080643,1.4507338412579494,-0.9137715375556417,-0.05556716275568528
1.4067619744827229,-1.1329202013054538,0.6509371560326994,0.6662386177075913,-0.902778754179584
-2.108799224032272,1.7602910345231584,0.7071491653044196,-1.3399739963906563,0.572813687697164
0.8102159005308557,-1.360436470429973,0.4223531448474318,0.7088483702337454,-1.1583079309324091
-0.03614985877835742,1.1470209091606183,-1.2763925623008299,0.8960674016744747,-0.5681280744055561
-0.11563442256658636,0.11004952122636928,-1.8361640680764697,-0.19547927190558223,2.3488664298128525
2.417842019634195,-0.7101904592868824,1.2074281807309633,0.6227003664902,-0.33279190666320685
0.020226754211551616,-0.26217588788038576,-0.732401571727964,0.16780924212475665,-1.0220665986413608
-0.8532748543097186,0.11299486210727631,-1.7875799496437192,1.652084521633339,1.3864624198277324
-1.0784698103759776,-2.128081403039338,1.1762736039698636,1.6481613548555973,1.1526329228201293
-0.8891932867733116,0.10472512453615494,-1.776611980244754,1.6588455067116943,1.391101667623445
-0.7836834045962142,1.533951548456157,0.09906898587891841,1.0538766451688812,-0.0841607298591537
-1.4594206007480377,-0.5405338288497312,2.6502024333516103,0.2798119810815933,-0.7574484517175657
0.6679850574664853,-1.4026492049846888,0.42266456317389667,0.7283058091652173,-1.1748514654519042
0.5475610722817806,0.58724676582126,1.0234718735854078,0.21622128788040415,-0.07953365774348158
0.8337432696467568,-0.6845172799911229,2.070102083814305,0.807652626125038,-0.3628167465480187
0.2901033204198602,0.12387766363334832,3.3076550413442525,0.1526547852528489,-0.01851197102452294
-0.09702653959948633,1.123933155693459,-1.2991272413145907,0.900516093246673,-0.5937251259090768
-0.6829481930471031,-1.9899153715694688,1.2700611857299304,1.610110422049361,1.2752789204570847
-0.23539016730383938,-0.35814747261776897,-0.8234339462823773,0.1872403191571039,-1.1259607034478896
-0.8393000448371428,0.7593091642247883,-0.2617528967096805,1.731509064188634,2.0821053902734694
1.2849054127890134,-1.170640853551978,0.644121444985491,0.6817073308145001,-0.9226871780758741
0.9028814175713831,-1.3267828853227086,0.4501711708765097,0.7009250602937759,-1.124841026939752
-1.5407531448507095,-0.5602570409593643,2.6704941702868776,0.2943505261163964,-0.7506225880755992
0.027147805600523878,1.1647030610619575,-1.2815600531192606,0.8865550573144965,-0.5648375274524603
0.20940197592963877,1.2471672141384766,-1.152713786513448,0.8835476824462173,-0.43898873325564
-1.0140699235428905,0.006033219463825821,0.49057246789130676,0.3388735307875577,-0.6954315725809039
-1.8747656620961068,0.4207997226931595,1.3280929024214168,-2.0794156081472184,0.20216288945295283
-0.8846720903181219,0.13282108269459483,0.07492111036559088,-2.249572032168739,-0.1541430987724337
-1.1603993531988084,-0.048739132009589986,0.4392218694333336,0.35012613593027436,-0.7542898445008094
-0.6916328021605078,-1.9903478927442886,1.2798511313861378,1.6129560446149929,1.2821802973245315
1.453658426201677,0.2860673569443089,-0.1760898922039402,0.06661896891048495,-0.40235050341428574
0.1412298799614223,-0.9467017549608406,1.813549305172633,0.8586105823246549,-0.6523247839342617
-1.1904681559126993,1.7298438551150939,-0.2394299020015341,0.2903562716996219,-0.4583548052330541
-0.23710280024229619,-1.0874124452705785,1.6848939479065352,0.8884014110851534,-0.8011734271703251
-0.1687671879245751,-1.0719672112449956,1.6627146663703807,0.8753158372420126,-0.8110624117244377
-2.322414503894221,-0.4793888217145171,0.9262448311269764,-1.3552578136300102,2.28891597905428
0.012754445800764687,-1.2846617990602964,-1.3237029770634399,-0.9389108610376964,1.8779018894493802
-0.6542608484705548,1.5722650408165864,0.09833980446494281,1.0360957760112306,-0.06946795725884848
0.03623507009589682,0.8918619284729249,-1.5730209210452077,-0.9028138413319439,0.11487608012322477
-0.7387379458632904,1.541576775726034,0.07294125198017518,1.0433123790058385,-0.100008862723541
0.4421829080433393,-1.7683459869900156,0.026297192273812997,-1.0468134979547299,-0.6078181869318
0.21875216396670155,1.4780627765224328,2.345561160069031,-0.4537451932284588,0.3585890689527647
0.9088672985756675,1.5045410840195486,-0.9274883690186948,0.8263268607581632,-0.17402552986058906
4.039541864875013,0.5063062964718511,3.1534875335659063,0.5540710573057092,0.8929655320171046
-0.08911478299934586,-0.30187954358916236,-0.7651974468120085,0.1771632198255638,-1.061533298172837
4.391507412068366,1.363859023989934,0.7552494909966552,-0.1761994042410287,0.6986785348998235
-0.4649478601392027,0.25708834033121836,-1.6570488872377147,1.6212483615445572,1.538010025818071
-0.02033650869579473,1.154547191313457,-1.263522037274578,0.8960933512073539,-0.5558394481282671
2.958421692039373,-0.541729309429731,1.2427882887732185,0.5549474008168839,-0.24032509776632466
-0.16865803219125958,1.1017104858414912,-1.3033577263637632,0.9095711413209128,-0.605609337067211
0.5746090432724792,1.3759627978307587,-1.0605606815320103,0.8493553009816508,-0.32124594235131204
1.43928359012936,1.7059623131075654,-0.7282245121934038,0.7877653146895222,0.04995400884457017
-0.7945037039951959,-0.19553050579074013,0.2387792118360958,-1.472481833493059,0.041255849800341915
-0.748056370625434,-0.26809337830173685,2.927946958350838,0.22987719023485,-0.44855540370902286
0.2072765003526563,-2.312907259016729,-0.007367856119368853,1.4494641196603062,0.8875385622732501
2.2305003415195332,-0.8235101012006573,0.9449169324917538,0.6037267466398764,-0.5674700346950106
1.0426062220739298,-1.2628132606592988,0.5523611565933526,0.6991979804606,-1.0255980168294256
1.3780047101991428,-1.1349935244316707,0.6804340555066868,0.6751658713977517,-0.8822909832522237
-0.05208420143201158,-1.0226574399018065,1.7293273557230635,0.8706969870674847,-0.7433472971970999
1.3581283792869645,0.25976503496017983,-0.1665421671897556,0.08127185793260865,-0.4059006165347428
1.119515087682583,1.6159387018408573,-0.7052921599335352,0.835281727898437,0.030761664096271332
-0.6122539618214398,0.9501187581872006,-1.3932031988920792,0.9548496154279206,-0.730740385217011
1.1293397216444465,-1.2357757142576997,0.558074319805355,0.688334082941662,-1.0107299220499446
0.4466585098716362,-1.490090668647641,0.32405494934077683,0.7417732252465251,-1.2808315966164707
-1.163829315096034,1.3846278408828085,-0.06636537041605847,1.0776756208020626,-0.2630034559222127
-2.0437480031586897,-1.4798083906746922,2.2553901576961968,1.0238104457748445,1.318861488391302
-0.32016593488294504,0.315490966308089,-1.587065975121315,1.6133676907336687,1.6117721448789017
-1.304355415541093,0.5912618120024137,-0.39749859739025983,1.7719286893058352,1.9172748255868954
0.8452249535323122,-1.3409993943862155,0.4634865198654301,0.7110499857705224,-1.1208680960338195
0.9678110033772214,-1.2926709026814032,0.5176356650068642,0.7035114479891946,-1.0625476375519318
9.90893272374928,1.9387904176135995,4.09388398701871,-1.6483356493127095,3.8036128336162953
-0.2114088172359736,0.3052088663574784,0.7664734241803725,0.27617032623451365,-0.37725023924673573
3.923862883228369,2.6898969370374357,0.38936443042349006,0.638382298331643,1.248263851155605
-1.7227166798667743,2.186632710023732,1.1627264066277665,0.42332262614347144,0.07264977030286239
-2.055967891467771,1.331807337304156,0.8126080069304499,1.140648589824714,2.2147973198581132
1.2774567187548391,1.6377211794499105,-0.819942939071763,0.7942841957646154,-0.0434201566122497
0.5174525162479404,1.0857805954040558,-1.341310876635142,-0.9291589600825289,0.35931753295848756
-0.13584513765358,2.1402194177204814,0.20182154207490038,0.22132805702692887,0.023464413092821254
2.134206935222035,2.601348443351553,1.0100844957145017,0.8103334720171484,0.9980551967330883
1.2323643058176825,0.19772854674824217,-0.2788310466444973,0.07938108150508698,-0.5116721145919405
0.23905245661082464,-2.2944560872590434,0.033652555711239825,1.452087664641964,0.9245051424236197
-1.127227929221645,-2.1505795509374943,1.1398144807752333,1.648628475351926,1.1173542372377974
-0.8448545535345477,0.11514245596959953,-1.7891994153959492,1.6506610086211952,1.3861454706645353
-1.6805321765218308,2.203472420124199,1.182311583882546,0.4208898304573441,0.09348935639035584
0.14560237830018233,-2.325995419603542,0.01652786671385431,1.4619320429100828,0.8996039886724547
-1.7942171613919082,1.884655909729296,0.8476727117795492,-1.3590539698198474,0.7237438526914254
0.7970141989449213,-0.25101121208626376,-0.7697217342372388,-1.6831845629202866,-0.045919386913757965
-0.2072947016333347,-0.3405599531069307,-0.7813637758828986,0.1905440771932175,-1.0885787536426823
-0.08712024383410036,-0.3010833398019062,-0.7642714337030355,0.17704819402480118,-1.0605479749535702
2.080834630424839,-0.855946697547167,0.9998288734409364,0.6334610246879001,-0.540681480298703
-0.46190061856145365,-1.1795773463720114,1.5694685282499936,0.8994897608232456,-0.9211792335108958
-0.9881723773290324,-0.3590908457320378,2.8385824645810493,0.24747641266234657,-0.5492685602503514
-0.7101190529592302,-0.5300564132083357,-0.963670810541476,0.22821781940800343,-1.2955700857479076
1.6049475796437553,0.047841640565949445,-0.5024305854846763,-1.7480676438531955,0.26591317342226856
-0.347753502330986,-1.1329888252648483,-1.108319161594214,0.8854966978936579,1.0950902740404775
-0.3121112150434029,-1.1114783848293224,-1.0585986007732004,0.88906866137358,1.139557932091987
1.0208905265084367,0.12878488730885343,-0.3065207425919591,0.10353521920972446,-0.5590648848069063
-0.6928947326091047,0.17367956579188595,-1.7283237785650072,1.640256085757482,1.4533810471144983
-0.8475354726507786,-1.3142918923634033,-1.2574231299659657,0.9283879742685978,0.9153427386807198
4.912379678433909,2.196137419906352,2.4417772407096234,-0.13866962397000698,1.5842991643208555
-0.13367673482938722,1.7658167493248265,0.2750702531131399,0.995053043837343,0.1351052186265938
0.9988234602539404,1.5431817246135058,-0.8732842553262505,0.823249356313853,-0.11951374647142667
-1.0523463187194446,1.7849809673825803,-0.17530349420515212,0.2823907349968172,-0.3901211722988261
2.0193236875500924,-0.8698813007402315,1.0196478787376828,0.6452151061595072,-0.531897703483201
-0.011762435610937316,1.155239017809952,-1.2719811033837547,0.8934885810939954,-0.561676264485648
-0.017269036455932363,1.153647688417074,-1.2717732790284721,0.894275104370563,-0.5621582499965729
1.8082748733631284,0.38878826225448376,-0.18837203652214604,0.016154950829322796,-0.37041957517389845
0.5219980449664938,-1.4584985879341688,0.3659441458723529,0.7386007557888783,-1.2380172455730374
-0.0955837880736354,-1.039607059199316,-1.0244160307904202,0.865326511363704,1.1928047565291717
-0.5059531580489088,-2.194818798738422,1.0607021621869495,-0.18823834553457794,2.041298223108125
-0.5568795847087885,1.6050689487726961,0.1159015612378583,1.025789209267964,-0.04374868563272012
-0.11105395875265167,-1.3214526595921203,1.4117981615910526,-0.9138091271240123,-0.09277790471429592
0.4219551711570316,-2.2299388648448137,0.07986801016830458,1.4349742200395665,0.9835243363586736
2.96087162971479,-0.5395375926515081,1.2494545259693512,0.5557440232148719,-0.23463813705812336
0.05079724879123295,-0.2514895474905579,-0.7251194721730725,0.1648738415619135,-1.0125602867417256
0.20919119507118783,-0.19463201289294882,-0.6806074168835733,0.1508151711545039,-0.957814515545484
-0.7879774075864545,-2.0257735703690147,1.2489428009029806,1.6208570511241376,1.2457767187052016
-2.6441993100216177,1.1121616669410477,0.6086172544955045,1.1862960001311569,1.9801631668526134
0.954753718031242,-1.3148753672422446,0.4341703838715677,0.6911337096392408,-1.1316713951815582
-1.9441299434398143,0.39462721864120004,1.3027998478969998,-2.0742429557595443,0.17349204093857765
-0.46167011772930605,0.9935419298817622,-1.39931192423366,0.933269111287637,-0.7179045460347645
0.10221556829912727,-0.22701917794649115,-0.683278690673891,0.1649567397212612,-0.9726099348002951
-1.8368253103437773,-1.0317575859383867,-0.030139957824551283,1.0940429684674184,1.250781617122327
-1.7235601771397104,2.184778840764276,1.155423799716333,0.42219888194263805,0.06663724149904514
0.5421481092655699,-0.072034958743288,-0.5730188578466118,0.12364117936135281,-0.8313819755477411
-1.3308506026439162,-1.1271819967090926,-0.1862804988645185,-0.7401605783129357,2.0987403351896043
2.7405834834826432,1.8691597393872166,-0.7832625990757499,-1.1377936185277369,1.0736933970345548
-1.8027301276039758,2.155602284687876,1.1297248215653855,0.4286404642407546,0.03647978922335081
0.29075074500580506,-0.1663234217899335,-0.6620980824566699,0.1428279152106731,-0.933196337325387
-0.5969841536534483,0.5104780898838075,0.44196811651791995,-0.4878697685261605,-0.737609142322356
-1.0187646718664336,2.4570245530919936,1.4411762237312313,0.3745187342462556,0.38123860241320634
-0.3404527087406111,1.0349520328249682,-1.3748243738314658,0.9208854697399779,-0.6837627062199084
-2.0399250984003032,2.073356631093139,1.0762714538319318,0.45193317444291364,-0.03481118339141488
0.5481714899492565,-0.06234814454851542,-0.5370495916938477,0.1289212759825982,-0.801546367302344
0.2764652012562184,1.2642285344689728,-1.1658084144976324,0.8721768322191811,-0.44167212504410663
3.5699549842668143,-0.35101395179761324,1.2834404798944967,0.4784119602604046,-0.13519454989859947
0.7020034771736222,0.008770104559603838,-0.4213990118909007,0.1275530187751849,-0.689738428980076
0.21755115764129312,-0.1955441007822332,-0.6960827635559799,0.14704936209865768,-0.9693576994724797
-1.1741921938610809,0.7192655032811994,-0.8086480090649492,-0.8158575804840605,2.462298908696161
0.030046370233660094,-2.378496475185561,-0.06614797851409138,1.463672166237406,0.8190156157023969
1.444158884142285,0.2661934057336431,-0.25375680913564785,0.05473948760586449,-0.4663591992361436
-0.8198962979937869,0.8675330594448766,-1.488223983333692,0.9670589024495345,-0.8321987056716585
1.0613736378090468,-0.13941246948597613,-0.6193424912823844,-1.6937407121467292,0.10706027154257586
-1.2817127514648474,0.9091290150454212,1.7857716454439938,-0.3439995324439365,-0.27185882069916045
1.0359262615072635,0.12143609247014422,-0.3603567758055377,0.09235107972580452,-0.6008803988315539
0.14455641736038105,1.2079304576201597,-1.2436366447413962,0.8769703262828364,-0.520266442211924
-0.8358744485364475,1.5000698014979545,0.015403491095427954,1.0468039763328938,-0.1580678097020639
-0.97031079525754,1.8104465503951654,-0.17038928159675726,0.27203224927190645,-0.37645476041359266
0.6845105966032078,1.4225654762972773,-0.9970964367498358,0.8451275385297153,-0.25688092676948143
-0.08293763718919742,-1.0312210843394571,-1.0033405646657223,0.867176459023412,1.2113629185138033
0.6429138277547035,-1.4199397653477575,0.3778518718304401,0.7241242089412541,-1.2140969104412995
0.32422797797332004,-0.15295829190153046,-0.6465495846414349,0.14089826875928838,-0.9166534715101268
-1.7645495026246392,0.7376246454382878,1.6583568911787527,-0.2997407150431631,-0.43204357582389247
-0.9354236025417809,-1.6219002171802248,-1.5759385917003246,-0.852340106641763,1.561698650684383
-0.6131840541748663,-0.07703788332776902,-2.0146399877937893,-0.15787524690058152,2.145600030909714
-0.7178709823239929,0.47951658564143834,0.46462879758815695,-0.4675329464927679,-0.7335360121954677
0.03144967172952569,-0.9938628542600727,1.747377000640949,0.8623623911620816,-0.718868186697188
1.3499793176804433,0.22404623393085613,-0.3182149322272589,0.05665369054840223,-0.5296723875729061
0.597796451664713,-1.4340056591068868,0.3748736188553271,0.7297743558575078,-1.2218362023123839
-0.09490139190425653,-0.30692038436091135,-0.7803238073057911,0.17538663547769548,-1.074464441708939
1.5786420958268623,-1.057328157711373,0.7625272319940914,0.6617192178331976,-0.7921273469231793
-1.6957382366855913,-1.345437182842797,2.3962291408639054,1.000223428688331,1.4739944577659956
-0.2092160298155093,-1.0837544028393995,-1.0716437565365173,0.8728176353660707,1.1411459058760436
-0.3018466671362589,-0.3780008971118327,-0.8238796170457409,0.19623140131159642,-1.1341692475649008
-0.8865830340706258,-0.3176269162382238,2.8898943730906623,0.24232115160020187,-0.4957248622156182
0.21602230080469165,1.2431345250148567,-1.1800485090192752,0.8780073743146004,-0.4603398857166338
-0.05750622788160078,-0.2947234131385653,-0.7754019839903077,0.1711197425433185,-1.0660633375479145
-0.25273776739007875,-0.3596107459894847,-0.806608415374921,0.19246136196389704,-1.1143856030550545
-0.2868489789756595,1.7016373331638122,0.19013434366377163,1.00154176500359,0.04824486251564351
-1.910870050664329,2.1218400508288657,1.1223663993022466,0.4421457448012635,0.017751696023891303
-1.7826080432780431,1.8853455798625227,0.8350939445239153,-1.362771683283291,0.7149297144788269
-0.24220761610470493,-0.6415856628487477,-1.1416297425702653,-1.6044940380644923,-0.46977252118171464
0.6468545973355078,1.4035889128852777,-1.0325477277971034,0.8442509623451062,-0.2900325484979706
1.2210161510297868,1.6206523118479748,-0.8212672651001779,0.8017597442663541,-0.0511573913170444
2.4779861800145953,2.0857094292794485,-0.4049345168461849,0.7008980107658352,0.4343798141778262
-1.095478003056631,1.4052376589747655,-0.06503998719917056,1.0685752641368456,-0.2538588547468981
0.9469031146996726,-1.5744528432313967,0.22606492488662466,-1.0817838390248802,-0.3864650472865322
-0.9985065996350871,0.00648079391597298,0.4715363449832956,0.3335209100392154,-0.7090072905421088
-1.6299013814813914,0.7853064704785873,1.693226570673952,-0.3121954772592633,-0.38790932426589697
-1.4523669419082617,1.2758180091667375,-0.1712997810660476,1.0992397247092267,-0.3820415671756148
-0.8638107675780138,1.8559947979343867,-0.10712207889735778,0.26823513184350267,-0.31265096763348615
-1.6893089947992517,-0.6150078700656475,2.6222564980164718,0.3064349631266578,-0.8072232355236098
-1.3013700993915,-0.4713727481101949,2.7512251775982026,0.2753867070357931,-0.6569865208481539
-0.2165991625559574,1.0762007386474546,-1.3546417271975235,0.9074118900023863,-0.6527952529041232
0.040917988115333356,0.7945561777020074,0.8722028956179042,-0.5019134710636102,-0.3139196619403712
-0.08080034668145172,0.34429919650129953,0.7676770308342598,0.2585555427586408,-0.360852446043841
0.6505410216980226,1.4135565547688584,-0.9921346559097416,0.8506037432861697,-0.2568747552706126
0.40769351643673385,-0.8514469358956505,-0.8488096945224439,0.8264542581775888,1.394424019923103
0.21802435776418308,-1.574077230023551,0.25107877322286465,0.7605861073274814,-1.3669192651178164
0.22373422905355433,-0.1930758690417392,-0.6932121229181636,0.14669278211629386,-0.9663031974927525
1.3117236008169797,-1.1569009473136387,0.670394423981418,0.682505494126559,-0.8982470479054775
0.06863422023763144,1.1812640998368849,-1.2622989804526217,0.884162520658636,-0.5443428044917102
-1.7796042823574123,2.1651373641310854,1.1418437538319517,0.4275412661141446,0.04902336523787547
1.6968045872828863,0.37159896843392887,-0.11572694453613006,0.043686484792744215,-0.32476208112863125
-0.08150156132142562,1.1310408917671713,-1.2877727984571636,0.9003241954874313,-0.5826981247857071
0.2039720663441289,1.2322555615024684,-1.2132870936890419,0.8740127597445838,-0.4886761569357136
-0.13564489328359125,0.353052171049601,0.8818161779978287,0.2854007054749568,-0.27491041302910857
-0.16691943761966133,1.1011907970165065,-1.3080793360310528,0.9085329647413234,-0.609227119014952
-0.9718046014668275,1.0340555456291751,1.9351828033883183,-0.3609341372334914,-0.11428428574097725
1.111256460465647,0.5406555648341279,1.0116164351599737,-1.6013804186523668,0.8920688300077435
1.0656515131771025,-1.2566480722162348,0.5492385053217511,0.6955241721294779,-1.0254050665181516
0.3943447831670041,-0.1028178149587898,-0.5130956638364674,0.15397148638535793,-0.8003158840800418
0.6185732846722023,-0.7743559804689172,1.9522356260684381,0.8170133462082932,-0.4836621347912558
0.7082067491682458,-0.003318259176547791,-0.4848645242493258,0.11594033945571706,-0.7403939380145786
-0.1502169086573245,1.1121063361733547,-1.280974002425523,0.9108524129961744,-0.5853075644177351
-0.19111515349967417,-0.05881448863191971,3.1270858670477093,0.1876756418459878,-0.2215447723878431
8.806710671469606,3.1294065029491924,2.818936512355031,-0.42848100776667397,2.8910268121011007
-1.9283163499413396,2.1091104526019238,1.0880047594407318,0.43869680105554104,-0.012131121216179498
0.3367283850307341,-2.256678373917009,0.07347217658555283,1.4455167470456973,0.9682814073226131
0.6330529701802436,-1.7003448339157234,0.07759387936924922,-1.0641519445979422,-0.5437438734486493
0.12448376219020552,1.2062896556687626,-1.2239296909236161,0.883051957407365,-0.5066800481520107
-0.74736751337679,-1.554415518386015,-1.5231839625524923,-0.8690473148394371,1.6266211650026192
-0.8764486557782286,0.7626855655802908,-0.19606812445513913,1.7477201060767065,2.130903575622653
-1.0694822755236433,-0.3906388035296102,2.804978970997836,0.2528690175301253,-0.5860790014223863
-2.166000692097826,0.5955744250514597,1.554905369079371,-0.2625202106458156,-0.5632146764737956
-0.17850101917406885,1.0941400807727528,-1.324513954338378,0.9073250563779017,-0.6239018732158984
-0.7854197245527039,0.8737100666203651,-1.506772363576783,0.9592086809105747,-0.8431460792369684
-0.9950328835850802,0.013936081143159947,0.5007930732844783,0.33801013555251086,-0.6849079091658763
-0.28629328908258317,-1.835518560306448,1.436249249161539,1.5841869777487123,1.4566814297239479
-1.9153608341457198,-0.33753087126354014,1.0212339700717126,-1.3946782352787626,2.413896669457354
-1.3995224702827638,0.5596439374608236,-0.41265603712531407,1.7823410418290728,1.8937638004414126
-0.5225724711468062,-0.8276171961473464,1.4732106513107701,0.12984312046330468,-1.0583590936245209
-0.18098173917738075,-0.07327856681578068,3.047476436964104,0.17278809839601214,-0.2848079140291215
0.6011523510846806,-1.0611167042392393,1.6332635009104308,-0.9734060707825556,0.1706453144258935
0.7987033643607623,0.020366605865501573,-0.499519420680838,0.1011077768996415,-0.7415734881768883
1.0623197325990061,-1.2540334966323485,0.5656602269796229,0.698764528519757,-1.0125018369455958
0.007792411953055577,1.1600108496253176,-1.276724277596059,0.890016067914208,-0.5632076298080908
0.7329205616912114,-1.374300037431834,0.4638700321462502,0.7264367773582415,-1.13381931513557
-1.879462155124414,0.7390774675378775,-0.7270665343237098,1.0328876076114903,1.5304354139084728
0.5270481041988393,-1.7371993656309739,0.05325812758285454,-1.0538180049472547,-0.5759663901522246
0.2304963166764458,-0.9113707509921675,1.8536112115966967,0.8532280765782966,-0.6093453965431006
0.17805631159191998,1.224337646545807,-1.2142615218304096,0.877383153162341,-0.4925254792569836
1.4050596700058853,-1.1166076447703077,0.7275499401615955,0.6794675469831879,-0.840946388372532
0.012200135356109205,-2.3801587995040907,-0.049553950883878366,1.46892196549439,0.8303443852904153
0.5855117089339221,1.3794047619381902,-1.0596454506955448,0.8480231068807892,-0.3192174108193962
0.4929950008463624,0.2953677785292838,0.7314845730461803,-1.564552665894846,0.5922370315511367
-0.16293280461486864,1.1000513548023123,-1.3186682322908674,0.9061927539697187,-0.6173301787766466
0.6978550180126322,-1.394973385709107,0.4171816356628869,0.7233005084625614,-1.1757637228792406
3.4317927056963424,2.5359467871071346,0.3544167346186527,0.6995870567421285,1.1618593393210497
-1.6170769922843435,1.9462659101384066,0.888448367815634,-1.3763040419245043,0.7776779559485467
-0.591240534928989,0.21334880221947097,-1.6852749512702692,1.6336902177219255,1.500241785123055
-2.0404866673424915,-0.10190718674171725,1.3002929613360863,0.4084179816803885,1.7104385510266535
-1.491638888425507,0.9806379694369992,-0.49903456956483055,-0.6896850586010371,0.262590419461592
0.9690985184821775,1.5118962241514078,-0.9755454881967534,0.8099570253924219,-0.20582483251112993
-0.6920425190638417,-1.9902080179907018,1.2810431089668224,1.6132141509373805,1.2830970593517077
-1.781318029111163,0.44960720524895187,1.3327766689410414,-2.091370145585417,0.21699033700388945
-0.4120078572339507,0.22088333801561558,0.6539896819275297,0.28445625680996733,-0.49201659466035436
1.9304030793721672,0.43298939117962315,-0.1524040379456326,0.005594605679164991,-0.3268744603811734
-0.5087039313500745,0.2417452859675764,-1.66768831290687,1.6254131347169036,1.5242282340133335
0.39623295190245933,-2.232014344334299,0.10524520849583507,1.442788530379642,1.0010347854308164
-0.04549363936198852,-1.6613690740326565,0.21028387740648857,0.7896174764398652,-1.4310690918264475
0.3853586759340395,1.3107322265529013,-1.1014299960674654,0.8682416838298622,-0.37668594440087994
-0.10324995287753319,-2.7033210896293447,-0.40159869787014923,-0.3137337742189015,1.4462969044808283
-0.17236528217002642,-1.348548174347817,-1.3640426225124676,-0.9204981692447092,1.8233785375967024
2.977991849534331,-0.5569777726684234,1.146827116609151,0.5359984699598328,-0.31571388650345394
1.108887331456093,-1.2409058377773305,0.5624007881186215,0.6918583577317927,-1.009641952176172
-0.14694072625301008,-1.057377456932455,-1.0358199458687147,0.8703985849034185,1.1775063898332792
0.4021230961207454,-0.12489749930892333,-0.6242068754162782,0.1340612509071968,-0.8893641326690148
-0.021181879686562537,-1.6510571568060557,0.2243355977409177,0.788684363995033,-1.4168204952093333
0.14277249370968545,-0.9557957290417081,1.7700351465586848,0.8510183296526675,-0.6873760434756437
-0.751031121120654,-0.9127148855080516,0.005511616642416701,-0.7867297359395496,2.3225039044870432
0.9593986654493599,2.166662187677363,0.6208397452749156,0.9045810845184068,0.5441534283428122
0.2897113060823633,-2.276964360851444,0.044732366201393876,1.4470558501325164,0.9394586459927687
-0.8012976644692473,1.875791202598492,-0.10159623268409587,0.26064385581167354,-0.30079467043889824
1.5673624685516392,0.31143067776384964,-0.21452514294424088,0.04458608058975781,-0.4200445033307629
-0.10993365380989376,-0.3080662543993589,-0.765187721727974,0.1800051962891411,-1.063983872956006
0.5543763003997878,0.6187831116339687,-1.389750548553619,1.527526373532419,1.8748110244655845
0.807253891850993,1.4609435357591047,-0.9884868396011103,0.8298421649746989,-0.23541528075349172
-1.9156053446351924,2.1157017343955538,1.1008171443505548,0.4391361417418374,-0.0002559192577245695
-0.6776316173435792,0.18523422434180772,-1.696357933325842,1.643596456721808,1.481066182142346
-0.318427914490734,-0.7546204033988392,1.5292881453783977,0.11150465108278627,-0.988846207404275
-0.5233556738859547,-1.4740947289763857,-1.4606469984555417,-0.8890004932620135,1.7037103639125109
-0.13891778048853098,1.1129756912495312,-1.2923144914450235,0.9073870545650805,-0.5931556744421941
1.1833203885741368,1.594377545602971,-0.8899097829732905,0.795257994058212,-0.1111886516331302
-0.6940641629647063,-1.5401161543988797,-1.53022715851083,-0.8775143278711324,1.6272127492014397
-0.010040568528511984,1.160781259584456,-1.2490665076905643,0.897140925179036,-0.5429189806908735
1.1661383976353599,1.579932874688526,-0.9324419027387826,0.7903869407590014,-0.14765589657745087
0.5356825844676946,-0.08068455165135915,-0.603664605811254,0.11932449254920112,-0.8569593417528738
-1.481542540123675,0.842709528994851,1.7538125641112217,-0.32215825251936875,-0.3213335029395848
-1.04813330698745,-0.008778327342406493,0.46922892291795154,0.3399000673316556,-0.7167359063144846
-0.16958322671006437,0.8175901314831737,-1.6326398866604208,-0.8848478023452478,0.042298015824543386
9.183555031462543,3.216119316877878,2.7036339316995477,-0.4994540972192901,2.842166911763228
0.18829910609434433,-0.19599306533717206,-0.6585165079044241,0.15741301492380808,-0.9423945974312187
0.5595527179005737,1.3726833090256811,-1.0551111580269958,0.8523339049474875,-0.31861142645654833
-0.9618463243108772,1.4558514629322195,-0.015438031375738718,1.058758376315677,-0.1979159052562488
0.6938851124970123,-1.3998958740944016,0.4001343265622218,0.7209501985695362,-1.1900357288600614
-0.16182795402830036,-1.067266203432235,-1.060706165058178,0.868207927588691,1.1555980170728544
-0.7057940302337511,-1.9960009396338072,1.2732764383124293,1.6137727278004066,1.275184502467737
-1.0694062812681737,-1.0300978830328191,-0.098071407104,-0.7608656348164355,2.2010365706478896
0.31787369706552243,-2.2687577590133774,0.04397957077318538,1.4430859390080242,0.9421747347815959
-2.143261515309881,1.7453202469594749,0.6856204177092698,-1.3389244546864059,0.5513122893197301
0.5596016291846893,-0.34123291991480703,-0.8592132905123933,-1.6659757264860549,-0.14641618378010585
-1.5274015129735943,-0.9158238866896418,0.07896256900428938,1.0703364402933446,1.3756610493329497
4.100723557049806,3.694273878225684,1.54400328079144,-0.12897937148981198,1.610515201676562
0.20702371078138443,-0.19064236850359442,-0.6594985467528802,0.15469181555103137,-0.9409786120282798
6.94501027270104,3.5156724719917607,1.0236135055136937,-1.4048846130893862,3.033211748859382
0.387436396385525,-1.5085733370627734,0.32005702475732056,0.749174708707096,-1.2910621104992683
2.8119369571805746,-0.8991273667564673,0.7768166581203307,-1.2428009610551871,0.27971599576266226
-1.8007587522184325,0.7262045119993337,1.6553678559311322,-0.2953077364270084,-0.43873965938232773
0.23554142988179097,-1.568905139951289,0.25091830671150384,0.7581690245973975,-1.3649806469754082
-1.8291376990420423,0.7136621459867813,1.6366634483183502,-0.2946090234150836,-0.4572358219409978
-1.3212633096556177,1.3236020551345293,-0.13116472349915542,1.0881617634556375,-0.33406249789618897
-0.3595308868149139,0.25245178126423834,0.7267303364020843,0.28963661376799626,-0.42692159586375295
0.11013434554360264,-1.8908838649464492,-0.08225184106658964,-1.0199263689341571,-0.7349211581519024
0.1601652947940971,-0.2069204232264452,-0.6701961125384647,0.159269979876795,-0.9551738281518515
0.25495695801016155,-0.9079783007088069,1.8359414866186574,0.8468933886920905,-0.6207640795206268
-0.8509487070588316,0.11301314992950644,-1.7906465751758378,1.6512469384757562,1.3842540615168009
-0.0030626364747540144,-1.0038883819666478,-0.9869955215839252,0.8590518738479941,1.2340297453264941
0.43266561072728343,-1.7709314929353295,0.02740735081610779,-1.0453267207521666,-0.6080431655391997
-0.8600367621289418,-2.0557527993224762,1.2099587062036892,1.6240748291727616,1.2057019776445879
-0.048771046509961356,-0.2872918046417795,-0.753377883023149,0.17366419283898424,-1.0471989024987942
-0.24170539288521747,-0.35975816801451127,-0.822219346968205,0.18830795391621177,-1.1257229915754918
-0.2879649292512894,1.0662213605625528,-1.3034608995593904,0.9258307255357714,-0.6197815340943365
-0.10153342553616014,1.1254717779829153,-1.2860154879270609,0.9033552627929389,-0.58364074361014
0.5602975159827387,1.3632708534299114,-1.0989957218845334,0.8447876625958052,-0.3540568152856371
0.6824109219566615,-0.02575295942049213,-0.5521288047314862,0.10804888224633195,-0.7979040051891151
-0.5140288636149599,-1.1928007570647166,1.5798216924786732,0.9083579606989537,-0.9189519704360974
0.02287769144262619,1.1708876567744375,-1.2476053940727492,0.8928977391341394,-0.5378486804442285
-0.36984809796171486,1.0253416457295703,-1.3787965051160156,0.9242220571468341,-0.6904501708459249
-0.20616025914927288,1.0812781550636636,-1.3456486177679778,0.9075133080350889,-0.644280825989884
-0.17540042376094916,0.31745781968832126,0.7735099211400448,0.2724513666837155,-0.36730064372871635
-0.19806924921497016,-0.32989832836358646,-0.7452900689582568,0.19540503137100748,-1.0582804549174878
0.2727433256793151,-2.5650614214195055,-0.2809404573472146,-0.34456207782966164,1.588394026498624
-0.28406528668041725,-0.3745438797270739,-0.8322105634610792,0.1923922090280243,-1.1388150571267426
0.1266835456099384,-0.2154311782970119,-0.6636256482186481,0.164952529345294,-0.9538074991771365
-0.10157666181729964,1.126668240027068,-1.2805067671171444,0.9042956674418802,-0.5791854369260222
-0.08090997112430526,-2.41550701311336,-0.08448938120259517,1.4756985260733733,0.7910620171377944
-0.8954970154947405,0.050635684827496,0.5331830247419923,0.3299250877621461,-0.6469278133957193
-0.3894086267518418,-1.4265009675042235,1.310209237594347,-0.8930667559629724,-0.20790469422046653
-1.1502951229463376,2.405124238082028,1.3828685420149305,0.38257210112958895,0.31849475371304026
-2.7882890649889274,1.059800527378167,0.565217472125246,1.198591831414173,1.928007149990012
-0.09526342528873977,-1.9655946522008256,-0.14443996446496618,-1.0024535374320842,-0.8095298111487893
1.2086957109839187,0.9181070093683923,0.8173728434786178,-2.40922063106942,0.6942208677208408
1.713899715868668,0.3632516843162468,-0.17690004585561034,0.030976712534649915,-0.3722752319601886
0.8367375609832993,1.507304242341199,-0.817227694640305,0.8548723001377809,-0.09326506267942637
-0.013329134732481311,-1.0108291890133585,1.7307280693674538,0.8656472368744804,-0.7376366486882174
1.6403463551191193,-0.399242977722081,2.2773410720621894,0.7327637184366969,-0.09976552396359828
-1.7801742078609624,0.7304770991752128,1.646956147665877,-0.2995430659938832,-0.44311984310822544
-1.775082542649397,-0.6462136676179163,2.5962560370108716,0.31372633289176116,-0.8384046010808258
-0.3826713947972225,0.5583620134810174,2.06306285584662,0.3116387815654405,2.523820811365132
-0.5475486303501622,0.17830692084846336,0.6435851414888142,0.30118309897657,-0.5164468292665633
0.2879395846111184,-0.8913625394653,-0.8684711944854708,0.8394569338613819,1.3643626525357855
0.015515523706956344,-0.2661805855470676,-0.7442642646068532,0.16643959591093946,-1.0322281610648072
-0.3057630744592797,-1.119069093085449,1.633665972812258,0.8890783849401663,-0.850760651629443
-1.8318456241001506,1.8593183002067697,0.7832080351693226,-1.3648561678313218,0.6671033385493913
-1.150876200954835,-0.4170619874501711,2.7948338415122165,0.2622525908658661,-0.6039051230259576
-1.6234270904022747,1.9428207114860725,0.8813535852594828,-1.3766412628487703,0.7711834416338046
0.7363653236235532,-1.3744420685486893,0.4585583534191088,0.7250657276857687,-1.1377133990179635
0.4967247341953387,1.3476028897271135,-1.0842805709596461,0.855957217671507,-0.34964910786345355
-0.008435755545919021,2.1173052943699298,1.6180935354764643,0.9979464962076575,3.1087871423677895
-0.001905301728803481,-1.0003907881320495,-0.9726303334538131,0.8613309057012771,1.2457979078608894
0.26785670472446343,-2.567012120698283,-0.2832091894641985,-0.3442802646177936,1.5859799846114204
-0.39491660789206845,0.7458447055110611,-1.6543244512374842,-0.8577840761552312,-0.0018690445640985997
0.49172950466599674,-0.09337537660502046,-0.6019557103135458,0.12561092747170335,-0.8607659596793097
0.20006166125597244,-2.3072900215111942,0.027989921908577964,1.4564465782169511,0.9153157796871814
-1.5316233721180303,0.5114617895994036,-0.45325410124669274,1.7934765159830433,1.8452920695523534
-0.029196882694208864,1.1458505941312926,-1.2911389379470386,0.8926172118413976,-0.5792471579150091
0.7785640091529477,-1.6416524428758132,0.1479094184893014,-1.0720756614405234,-0.46962632699265267
-1.0440848901174826,1.148677815653486,-0.33962373761984777,-0.7237023838102307,0.44451595173518493
-0.2541447610592602,-1.0974415607087653,-1.073152227998254,0.8786913808644837,1.1346189729979153
-1.7258770609594452,0.7536692299331329,1.6790759058977875,-0.3015020132534854,-0.4107006520280571
0.1391675532568786,-0.9401310583508199,-0.8891652627062943,0.8562433941163495,1.3300385385083637
0.974331601294012,-1.296743401994386,0.4902546418455883,0.697976891147616,-1.083948056173889
1.0804394855097177,1.557859783224853,-0.9169417550482143,0.8047083402310115,-0.14522539735993029
0.7165640936885804,-0.73129425249242,2.01569881366214,0.8144103919198361,-0.420704485679945
-1.1196487611504988,1.7605418238403543,-0.19549269435771008,0.28814791378039667,-0.4144159514198828
-0.8010240584960747,1.5154989453301275,0.03849462151485152,1.045966530630726,-0.13525552000974717
-1.495206033092173,2.265315890761315,1.21306579098518,0.4008228922372459,0.1402757519752134
-0.6122237427435299,-1.506344034641499,1.2482278813627798,-0.8731825930208537,-0.28440269919879824
-0.6496875939920495,-0.08311374775739917,-1.9928860800522339,-0.14920469607415332,2.158903561268845
0.22163699235253537,1.2417346992973533,-1.194028135399349,0.8748698394156799,-0.47099616691600327
-1.8903911588672337,1.3942630553245932,0.8728946318900127,1.128285985704639,2.283163960843943
-1.6386755890892128,1.5742872399834842,-0.3410917667532906,0.33425934830277454,-0.5935981496453372
0.9006215423004127,-1.3146375017565983,0.5085565077850366,0.7111379334905803,-1.0778332709828262
5.401116938621775,0.35266224739516955,2.009203890465023,0.35170518087953556,0.6686936357079942
-0.05006550223858291,-2.68573145502079,-0.39349291160121613,-0.31961467446600844,1.4591405820609726
0.403216619568441,-0.11596492234877556,-0.5849976205705815,0.14056356538925166,-0.8574872596267037
-0.12740594400722954,1.1163574009821013,-1.292498636878345,0.9057852515617548,-0.5919453726155276
-0.4728119451196202,1.3560920542475048,-0.16838594156669495,-0.7725923931503512,0.6506274449764599
-1.1630771810367735,1.3834109346531573,-0.07292716684031361,1.076459855960619,-0.2682277261506166
0.9930949342182862,-2.01044057524118,0.30633191628696876,1.3954710033187436,1.2343366949240162
-0.18980885824850036,0.31777598928206613,0.7944703097004071,0.2779728601152611,-0.35203046943334454
-0.0796094378560526,-0.5778915162315266,-1.0716683949988801,-1.6148090454755792,-0.3939239854955857
0.04890887287477912,1.1840099659868362,-1.2230800005228906,0.8935068116042681,-0.5149165062325681
-0.911350544783964,1.8333761412865075,-0.14577995463156257,0.2681630345349033,-0.3495661126263167
-0.18499372800366126,-1.0708589537670907,1.6897360665605747,0.8821135727039954,-0.7910993307028363
0.04199721299788432,-0.25712646292111474,-0.7388804919253563,0.16373999823965954,-1.024741761764669
1.0056520518797603,-2.2925166348463017,-0.03189493840683976,-0.4023047259971142,1.8765936200035342
-0.18471174966399925,0.07033719879896698,-1.9235228330233447,-0.20087466923842046,2.269974848780226
4.4950072672554375,1.4112439311480156,0.8309457767128352,-0.1774787226359738,0.7721918757222874
0.4721910565124777,-1.4771674103820565,0.34834883961339236,0.7424110541668445,-1.258145753209627
0.2983718517294997,-2.278665458443254,0.025255858472383985,1.4425702707212755,0.9247112162671525
1.2253293733878987,0.1964374110480365,-0.27518619151350726,0.08095917761893227,-0.5095516125042272
-0.8296828014826982,0.12362633903041402,-1.7710979734924726,1.6516618705432444,1.402593806660162
0.5414323933819953,1.3618086582398299,-1.0801103404038486,0.8505651770776409,-0.34099305396519314
-0.09997120367470723,2.784353468605486,1.688062526881087,0.2910494660949431,0.6896405498811577
-0.3466218451504495,0.24516431898202454,0.6760535300315215,0.2792785548615828,-0.46643021925554234
-0.6321153334205396,0.19945935885838842,-1.6931944777289343,1.6379233046454016,1.4890025386572838
-0.5632861050438291,-1.2071938987899329,-1.1544796475002688,0.9070711758330731,1.0322624050126983
0.7229321589600771,-2.121018228013728,0.16846251819881175,1.4089410888619478,1.0908009586740957
0.614644717270849,-0.04855665065394041,-0.564240126290964,0.11523967316347576,-0.8157128889278484
0.18412829844777365,-0.573068264094237,1.6757699824411072,0.06779006224906768,-0.8108942088149235
-0.01219915028433751,-0.5556923898493911,-1.0618290500593033,-1.6223366992795263,-0.37799675105943364
0.02981697324270887,-0.5390872055787026,-1.0430841844618708,-1.624889074303525,-0.35785744904830585
-0.2712963066408593,-0.6480067718963333,-1.131489257374803,-1.5988052127469006,-0.4649967801070039
-1.1612239103734905,0.9608580179017014,1.8582508539433422,-0.34814241361145254,-0.1989441604390459
-1.580677413618551,0.5192302157415599,1.3782306020014619,-2.1110327643422226,0.2774875519521753
-1.2133462301372344,0.012747387489893599,-0.026972420533543068,-2.222016229657586,-0.2754586310598745
1.1537407714632135,0.1543288208535021,-0.37005991353838896,0.07463154829629008,-0.5948246060576841
-1.7297594560571408,0.46676488331751215,1.3411164563484184,-2.0969895304880093,0.22983148947286133
-0.9880071006564138,-0.265129037045507,0.1837719881733703,-1.4554135797974577,-0.026133849878362536
-1.0824235310571952,-0.6758607229935145,-0.2484879992347456,-1.5462013597060633,2.025631802618344
0.14279151824392075,-0.5006826426271421,-1.0211255939740758,-1.636577154440429,-0.3267366880953424
-0.107935709461532,-0.5887548795351317,-1.0827958705238567,-1.6128321592535144,-0.40627888432882064
-1.6306246938976467,-0.1352112803320511,-0.13590598550698926,-2.183566384267385,-0.4129375467743146
-0.5962509914157408,-0.48906207299679755,-0.9311251080806389,0.21820384664241174,-1.2557714249284038
0.07791972297792944,-0.5220363263521263,-1.0305512200491302,-1.629325644377842,-0.3420291699783877
-0.10069152444652066,-0.5861354941426886,-1.080673585847818,-1.6134604593692623,-0.4037050220299168
3.2725075435190365,0.6799940025680984,0.11906465418516787,-1.870142315367247,0.9660560438640016
0.029490939981249402,-0.53234314474969,-1.0119218680299935,-1.6195581812834885,-0.3326638156175404
-1.12234348613635,0.043145989844447646,-0.011729996090032863,-2.2318460267310747,-0.2523705469792149
0.06307956903236296,-0.6159080518601493,1.644541457413954,0.0790071438773987,-0.8504742981868469
-0.8250442010570479,0.44223183006339933,0.4399153866450854,-0.45710367456462886,-0.7662022874935911
-0.2713048090750028,-0.6482007313991615,-1.1323612761349184,-1.5989519830491525,-0.46570385790433666
0.019560961339801834,0.47621861679422434,0.41472069605397,-2.315292897978946,0.22777134856169898
-0.8968657646819521,-1.608278952276243,-1.5661031917172472,-0.8559320786717872,1.5742155761537435
-0.14463743345209268,-1.3408165357687918,-1.3663705585640133,-0.9246760043141802,1.8247679206793392
0.07533097045686438,-1.2474109586014837,-1.2387538533584181,-0.9330373310717519,1.9540747197313266
0.33438673447998224,-0.4280725546390221,-0.9498160589906153,-1.6506195309821794,-0.24637233598181235
0.5094486155191268,-0.08471109784448547,-0.5864820051064782,0.12581847987840625,-0.8461444912886489
2.133119734533231,0.5188773049169689,-0.03567080304618749,-0.0022593430084640737,-0.20841722595531553
0.912521666909394,-0.21136475774932253,-0.7455359637633993,-1.6948403892839035,-0.012696171242020826
0.39554423868714134,-0.12197474593111987,-0.6019843303322892,0.13872866580219304,-0.8721474145088106
1.140836602462129,0.893472966904769,0.79704963607659,-2.403410239261435,0.6697518475750643
-1.2855568511505653,-0.7387756435680654,-0.2600094939027058,-1.5204423213488059,1.992315332527798
-0.28547965805331627,-0.6504470047252698,-1.1233988504328716,-1.595497706373675,-0.46012085301599837
0.6447294284120487,-1.4121601346324004,0.41083138459586577,0.7294711893408178,-1.187178992497495
0.48701329606472304,0.2972215788591424,0.7480291507366456,-1.5609299378663408,0.6049268146545261
0.5990405024285811,-0.3203322173126245,-0.8174113444416216,-1.6642650558746164,-0.10791190020173629
0.750309530734286,-0.26785685337832427,-0.7832129896987863,-1.6791012992809289,-0.0623584984347042
2.5122730640889612,-1.0060677226628816,0.6954646915196171,-1.2157183426182379,0.17845872082355332
0.5184439555243041,-0.36121671647271375,-0.8945110108800953,-1.6663485159519376,-0.1798569634042419
-0.007021825843076445,-0.5517908062988468,-1.051067223645851,-1.6212173947315793,-0.36867152054975094
-0.668270416160881,-1.526057742681978,-1.501116072654622,-0.8760949398413971,1.6538299213272525
0.20196418477326303,-0.921744023641102,-0.8904433734954313,0.8474592048888802,1.3364191515181982
-0.3548402921560881,-0.7676405241870521,1.519285846390053,0.11477560419476639,-1.001244918920863
0.13337158210205866,-0.5912549017038069,1.6616572095767055,0.0723207134541377,-0.8283150594879667
-0.13149683237473542,-0.6012429850702149,-1.107777120657541,-1.613855554823076,-0.42928848258052255
0.9713482708450696,-0.1899895573221901,-0.7278262835264688,-1.6998618347936785,0.008590049208196504
0.42941323770495554,0.6352307052879158,0.584061358121168,-2.342482054401885,0.41328496278628385
-0.8052666318766518,0.1607744684663537,0.09472934219307569,-2.2570450580779484,-0.12872757442507154
0.1816386402147682,-0.2092819749342403,-0.7100314831560117,0.14958264362784943,-0.984892801289108
-1.4677654457517173,-0.8988201632374151,0.07566299140138455,1.061640524070512,1.3800316570018811
0.02184390210827563,-0.535052624422765,-1.013909034351677,-1.618851998157475,-0.3351758444596246
0.8182899209681728,0.03506097550097928,-0.4591059836459883,0.10529135852260067,-0.7065377918282447
-0.2895576726008158,1.0153205315915907,1.8896835244763566,-2.200417257684728,0.844076237082616
1.418824960638036,-0.019184122941403894,-0.5557128447444658,-1.7317137275412406,0.20079175562579935
0.7531304699455056,-2.382608425192745,-0.10033495898411057,-0.37946335373542195,1.7913580697944205
-0.24621972236708228,-0.6430700928944636,-1.1429587220738118,-1.604172114490654,-0.471322375901946
-0.5106441608765062,0.5522583293820942,0.5153706613921754,-0.4871970730859596,-0.6679794098162112
0.7434772632296451,-0.2711216777071157,-0.7888331985122775,-1.679122589215381,-0.06771598828830216
0.30485873525423957,-0.4330777404379423,-0.9326308165186552,-1.6436756896611588,-0.23594433040175083
-0.6909807478336615,0.21012358862158279,0.16476728916118163,-2.2607558058790804,-0.058522096041346394
1.408880673119866,-1.4103615247249472,0.34795773040135747,-1.1241335785099282,-0.23321462588102454
0.26241752893323167,-0.4576252588904333,-0.9869793053732612,-1.647105161136725,-0.28496209032053554
-1.140518470194631,1.4789395520777864,-0.48629670047585344,-1.4970225124340661,0.26229197206044036
0.028868715726569398,-0.5398911247217418,-1.0454621555747359,-1.6251631049885678,-0.3598948701325893
2.6844327245802724,1.8541908512162102,-0.7754134549453008,-1.1288014104417687,1.0734181457765157
0.9780089518851148,-0.1878070908203018,-0.7269041230786194,-1.7006141177257559,0.010123266130175113
-1.7059177844646587,1.9130336519016833,0.857370371070704,-1.369455565976974,0.7420231053502228
0.27135276670580355,-0.16458941080810544,-0.6279316503519442,0.15127042288488765,-0.9078224298520478
-1.1031703225330318,-0.3068894735166197,0.14949036221230474,-1.4455173919143598,-0.06749103060017086
0.8099342769773874,0.030354940889858715,-0.4692283861336505,0.10471414598431043,-0.7157206005850427
1.2660006281905016,0.194274961066255,-0.3401112787427575,0.06439641391598887,-0.5573187003965376
-2.1588240251517585,0.5946916169934506,1.5411657480084717,-0.26583013167515585,-0.5734921754976819
-0.7455600253020352,0.4700099925937597,0.4588188400747087,-0.46474092758403596,-0.7415100668636296
0.03926645838726457,-1.6317915375784915,0.2302395710799885,0.7814389305969789,-1.4049018514230716
0.35129130983780416,-0.42213167789017086,-0.9456451101465047,-1.6522182641216905,-0.24099889818710718
0.507277903634586,-1.7451817680902488,0.04366799749008244,-1.0527476297490628,-0.586066134719986
0.907355707565918,0.06260460411937005,-0.45424573912835997,0.09396457603721768,-0.6920848914559276
-0.4683316369216069,-1.4595619306629124,-1.468956896746126,-0.8979171451132739,1.7034794906152158
2.884376105763677,0.8312026829952741,0.36973959667570055,-0.035979244459692125,0.2085576712529372
0.43877366664896167,-0.10647967119796356,-0.5899392661377019,0.13487419695440686,-0.8572896669110953
1.287758430143964,-0.07692005721432935,-0.6412313916037403,-1.7283397368346578,0.11607004717449204
-0.019674870113774244,-0.5569087162398402,-1.0572465322885798,-1.6205394001703561,-0.3751690748418866
-1.617773271522328,1.9459007270428212,0.8877277310003181,-1.376331297956398,0.7770122342733763
0.5531806285677147,-0.34000934808346045,-0.8449446870055639,-1.662679164104232,-0.13562113279532334
-0.692567762732189,0.20816572308832984,0.15799778174767184,-2.261687676050766,-0.06419077423967434
0.5291091655957763,0.20675838763036095,3.3615491287919372,0.1291897809636732,0.05334969412772786
-0.921474295237947,0.11881488441870805,0.06095487191148433,-2.2469203421459008,-0.16979744661388552
0.11762316889976328,-0.5069470650220269,-1.0155800574079694,-1.6322026753192145,-0.3252185344147736
-0.10473706293112728,-1.3144458228501565,1.4351620241027554,-0.9107074704535241,-0.07311423385789352
-0.14503142123978674,-0.6030984516811614,-1.0979014785971823,-1.6103337099834178,-0.42289043948272137
-1.8954449389994497,0.40984429110683435,1.3061909259454854,-2.0803098034741048,0.18198688980106684
-0.9518321739242036,0.1062372715605576,0.044769658860794904,-2.245524283544128,-0.18648750401824177
-0.4431132620643527,-1.4452651622297974,-1.4379809039910474,-0.8961028938542641,1.7315387339766548
0.021238625381090406,-1.2608427806562914,-1.226690385050135,-0.9236110302570524,1.9574548806292393
0.3239433978053363,-0.43036247501335784,-0.946105449271496,-1.6485652702578586,-0.24460108245461082
0.20482485965230862,-0.47713149234466784,-0.9978463121775087,-1.6410912626095535,-0.3005620844084492
-1.8231467668612664,0.43343426209864616,1.315747019027106,-2.0885523644613673,0.19826197340233945
-0.07899399341594296,-0.5701176875250552,-1.0370901312461953,-1.6090271132875664,-0.365853282047366
0.6303953317381588,-1.7012909859972045,0.07688274546747498,-1.063909999540875,-0.5446335126911981
-1.8419164611364516,1.8643127471869427,0.8195962757644072,-1.3573092554712582,0.695377663948089
-2.4497075009811233,0.21047567176921003,1.1485684093457664,-2.0314308152516283,-0.011091594681792438
0.6820272228600277,-0.29773063408007316,-0.8268313953202033,-1.6771849951665971,-0.10573961984328543
1.12690793293866,-1.2363920832249755,0.5585595950726278,0.6887481754957295,-1.0106241585079931
-0.5678295321402633,-1.492774055910728,-1.4855119645315669,-0.8871510296032006,1.6783253874687976
-1.0287761549149108,-0.27944136547323334,0.1737829257947157,-1.451545998119478,-0.039036312919591865
2.1539639047272625,1.6596986400194609,-0.9430428356067958,-1.084866188007337,0.8750468458596704
-0.7587754933976792,0.17825762906080692,0.11141380096067774,-2.260557490991198,-0.10972814074379149
-0.42405385895754116,-2.165143596594692,1.0849766708675044,-0.19529394261741015,2.070624584224645
-0.2018771345125605,-0.3387182314008548,-0.7803104387398035,0.18998364574899426,-1.087086119185571
-1.0380749506400742,0.07661101615782087,0.02659979476724736,-2.236840504990095,-0.2113838437587297
-1.4157789762458626,0.5848550370461705,1.453871763007154,-2.12069806674432,0.3582066656562038
0.6350510591579462,-1.6986467199830706,0.0826235034826357,-1.063571313282216,-0.5394354363834057
0.438473325903312,-0.38964612040741037,-0.9157222987259241,-1.6590363995981372,-0.2064752821652509
0.9727424930434918,-2.304259336062331,-0.04082159355280323,-0.3993291903360705,1.8654794967724404
0.5725260050529869,-0.3364081281831575,-0.8547366271095647,-1.6669795776732812,-0.14126522080170745
0.6734926586304387,0.718062070307667,0.6308602674658437,-2.3678428830109413,0.4800007868646083
0.8265049764555525,-0.24098902852758378,-0.76400294005278,-1.6862378582309516,-0.03780638481743337
-0.9579384907154492,0.10374252983846097,0.04167432230531513,-2.245216292905663,-0.1897148785636084
-1.5530082639512663,0.8169518712872441,1.7332548836748167,-0.3158955850568967,-0.3464182722684017
-2.3675371242160024,0.519945020384877,1.4833039256976923,-0.24717106981789097,-0.6449893205785766
0.21870030979734623,-0.46757962874289277,-0.9731245863323386,-1.6387904729221907,-0.27890638027081543
-2.696387806670833,-0.6182667842255727,0.8000347794587627,-1.325646911906733,2.142562088398688
-0.19485984419483504,-0.6231279749962861,-1.1216660797179094,-1.60756705375684,-0.44801675755976117
0.44715214842264983,-0.3898133286391024,-0.9282363204190149,-1.6623433481735947,-0.2155830272734494
0.9411509455513328,0.08531812561143468,-0.3965436894416269,0.09914252237648706,-0.6413727337647258
-1.820089574091278,0.7171299439688692,1.6402076679721664,-0.2952422170324481,-0.45329759577934486
-0.1127323872369426,-0.5894199910672548,-1.0793302365340016,-1.6115898323838636,-0.4040391876549756
-1.4947000367827703,-0.5370210686262054,-0.02146112734253411,0.28724414563588785,1.2461343508603016
0.9950635637223693,-0.18130206344093044,-0.7203665027513183,-1.701831835454457,0.01743071574020527
-1.7882660453313803,0.7274508548107528,1.644128363173304,-0.2989188021444042,-0.4463650459418107
0.48473833706381736,-0.37286637985254184,-0.9019358794329861,-1.6630096087130926,-0.1898490944488917
0.16390397423221606,-0.4919671089491891,-1.0100134774679288,-1.637572462497963,-0.31524608718431146
1.2598941364016492,0.1917843071881047,-0.3431877572130406,0.06470762753729746,-0.5605308262115561
-1.7975295671168885,0.4481392667427054,1.3480425609892637,-2.0865686751513213,0.22743675227148683
0.03698022814944717,-0.5321803234030177,-1.0213217284685638,-1.622174551227801,-0.339390492912478
-1.9058307451056729,0.40840917629784484,1.3137174764154227,-2.077616050970622,0.18685470496646764
1.897599771503447,0.14061211805779153,-0.4761309971620884,-1.7835328036380893,0.3217665320421191
-1.0823722697517428,0.34727119717721827,0.35580527553563135,-0.436264844104466,-0.8646934993500887
0.5023119341140331,-0.08369778027596034,-0.5722020278336851,0.12921461232921497,-0.8354247439451136
-0.34422759679269,-0.02056975433702937,0.4260303153411897,-1.5021476805256628,0.2460451027033362
-0.39779558764739553,-1.428977730182595,-1.4251542411666778,-0.9001096716678909,1.7472759380238299
-0.7629817442573833,0.17564542121873586,0.10521042107914,-2.2610359792327333,-0.11524772448992814
-0.3247413586592877,-0.6664823207339695,-1.1432777053743608,-1.593513489638323,-0.480853083407832
0.6585442553976205,-0.02960123713328913,-0.5373398089810947,0.11381384361220274,-0.7887477082294078
-0.48089951691291216,-1.4588429525220892,-1.4486630987050986,-0.8927598404548682,1.7184272729806596
0.008273060452595356,-1.2894766500546215,-1.3395673561976236,-0.9409907159000543,1.8645273027069809
-1.7632623805884435,2.1660418058077444,1.1238344671041274,0.4222566173863413,0.03637101708103589
-0.13794489183482914,-1.3396976351553616,-1.3703363406217872,-0.9262618303385357,1.8223471319064433
0.2837763206164442,-0.45371498543076555,-0.998089879800085,-1.6519039604132155,-0.29143611756137483
-0.14534427039734565,-0.31945814336203154,-0.7691295581445109,0.1841675827758895,-1.0713571312079389
-1.0233476912232133,0.0025538643197257935,0.48728657117704993,0.3395818768609992,-0.6991877525507477
0.3068690809664177,-0.43815287730205893,-0.9584715785646567,-1.6483336193148352,-0.2566302038641675
0.6298439495145705,-0.032517480472142896,-0.5117597438009318,0.12206887004854865,-0.7714246727419504
0.33061015121338505,-0.1474762197675763,-0.630219786998521,0.14279775253165042,-0.9026775759461102
0.38642624566549044,-0.40926120616125966,-0.9345946625190491,-1.6551371261706134,-0.22790235046696905
-0.6728219373874339,0.21458715306555978,0.16051031368185095,-2.263955377841318,-0.05982464073707583
0.3819739059003478,-0.1294585099340623,-0.6176985362455559,0.1379142951570094,-0.8864736973846407
0.7648227073435545,0.011696610037483653,-0.4931341589828161,0.10681333152829302,-0.7404042238460267
-0.20707042679263615,-0.3404839086658478,-0.781321074856124,0.1905207231415957,-1.0885176945490553
-1.0271524136154622,0.0817161027488865,0.03506404047959547,-2.236894786346864,-0.20324052679994947
-0.4684947861002641,-0.7208440621837047,-1.1962461460485778,-1.5828867821503798,-0.540717128738385
-0.016807537667794324,-0.5478731248136887,-1.0199700089255699,-1.614606957995885,-0.34464767013421044
0.5630564000332846,-0.3281937932173147,-0.8044951740046413,-1.6571646162960976,-0.10170294843339571
0.12707842229962238,-0.2207311793606718,-0.6883031482936264,0.16071233589735398,-0.9737422459457858
-1.7238304829723772,0.7548036236799558,1.6814719878371998,-0.3013747545179328,-0.4085188686441695
0.48719473899905613,-2.1973305534908683,0.140063160072202,1.4362851366219538,1.0399683412764738
2.596820987432637,0.4368296276833438,-0.07363288970625667,-1.810647573196489,0.7302386422673017
1.1331874839252158,0.14719947108889622,-0.3747037730928534,0.07664785153428426,-0.6010118271859531
-0.9936125121497242,0.09289976901673705,0.040590584093966854,-2.240533118836538,-0.19480503895244727
0.43554093710461345,-1.7701523759948323,0.027062819296718943,-1.0457774493886052,-0.6079825925687414
-1.6340231935579896,0.5033468218464922,1.378115615747986,-2.103774285120594,0.2710949757753031
0.2324169762528651,-1.5625848134053584,0.28393986669838367,0.7641971114760628,-1.3386120422332541
-0.3522585593296596,-2.511334751598857,-0.15356360925525467,1.5010008864602056,0.703089714200678
-2.0951161675954753,0.33670801894941443,1.243420553405907,-2.0637170198016848,0.10758302282775539
0.893926214863984,0.05771125702437499,-0.45835068939581336,0.09510039836708066,-0.6969945262366815
-1.1883909321635076,-0.42724386116493673,0.06381482913874842,0.2599205886698138,1.3513535978614637
-0.0867938483297748,-0.5811743468602855,-1.0768937756736365,-1.6147153132950998,-0.3990033666217065
0.6124253420432717,-0.03715631191796251,-0.509303490800869,0.12486197914060153,-0.7714927646541311
5.101732899677012,0.24304117963883057,1.9152616737731576,0.37661379380618115,0.5572750800195223
0.16147665292167365,-0.49302597527642084,-1.0115499337394516,-1.6375019483590891,-0.3167767925331041
0.25024515950818577,-0.46055833899242454,-0.983857089285525,-1.644914823588641,-0.2838714364548528
